,urls
0,https://autocj.co.jp/used_cars?category=&maker=&model=&fuel=&shift=&mileagefrom=&mileageto=&from=&to=&drive=&pfrom=&pto=&ccfrom=&ccto=&port=&key=&refno=&sort=&page=1&ken=&rse=&cnt=&psort=price14&sno=&pdfrom=&pdto=&other=#listtop
1,https://autocj.co.jp/used_cars?category=&maker=&model=&fuel=&shift=&mileagefrom=&mileageto=&from=&to=&drive=&pfrom=&pto=&ccfrom=&ccto=&port=&key=&refno=&sort=&page=2&ken=&rse=&cnt=&psort=price14&sno=&pdfrom=&pdto=&other=#listtop
2,https://autocj.co.jp/used_cars?category=&maker=&model=&fuel=&shift=&mileagefrom=&mileageto=&from=&to=&drive=&pfrom=&pto=&ccfrom=&ccto=&port=&key=&refno=&sort=&page=3&ken=&rse=&cnt=&psort=price14&sno=&pdfrom=&pdto=&other=#listtop
3,https://autocj.co.jp/used_cars?category=&maker=&model=&fuel=&shift=&mileagefrom=&mileageto=&from=&to=&drive=&pfrom=&pto=&ccfrom=&ccto=&port=&key=&refno=&sort=&page=4&ken=&rse=&cnt=&psort=price14&sno=&pdfrom=&pdto=&other=#listtop
4,https://autocj.co.jp/used_cars?category=&maker=&model=&fuel=&shift=&mileagefrom=&mileageto=&from=&to=&drive=&pfrom=&pto=&ccfrom=&ccto=&port=&key=&refno=&sort=&page=5&ken=&rse=&cnt=&psort=price14&sno=&pdfrom=&pdto=&other=#listtop
5,https://autocj.co.jp/used_cars?category=&maker=&model=&fuel=&shift=&mileagefrom=&mileageto=&from=&to=&drive=&pfrom=&pto=&ccfrom=&ccto=&port=&key=&refno=&sort=&page=6&ken=&rse=&cnt=&psort=price14&sno=&pdfrom=&pdto=&other=#listtop
6,https://autocj.co.jp/used_cars?category=&maker=&model=&fuel=&shift=&mileagefrom=&mileageto=&from=&to=&drive=&pfrom=&pto=&ccfrom=&ccto=&port=&key=&refno=&sort=&page=7&ken=&rse=&cnt=&psort=price14&sno=&pdfrom=&pdto=&other=#listtop
7,https://autocj.co.jp/used_cars?category=&maker=&model=&fuel=&shift=&mileagefrom=&mileageto=&from=&to=&drive=&pfrom=&pto=&ccfrom=&ccto=&port=&key=&refno=&sort=&page=8&ken=&rse=&cnt=&psort=price14&sno=&pdfrom=&pdto=&other=#listtop
8,https://autocj.co.jp/used_cars?category=&maker=&model=&fuel=&shift=&mileagefrom=&mileageto=&from=&to=&drive=&pfrom=&pto=&ccfrom=&ccto=&port=&key=&refno=&sort=&page=9&ken=&rse=&cnt=&psort=price14&sno=&pdfrom=&pdto=&other=#listtop
9,https://autocj.co.jp/used_cars?category=&maker=&model=&fuel=&shift=&mileagefrom=&mileageto=&from=&to=&drive=&pfrom=&pto=&ccfrom=&ccto=&port=&key=&refno=&sort=&page=10&ken=&rse=&cnt=&psort=price14&sno=&pdfrom=&pdto=&other=#listtop
10,https://autocj.co.jp/used_cars?category=&maker=&model=&fuel=&shift=&mileagefrom=&mileageto=&from=&to=&drive=&pfrom=&pto=&ccfrom=&ccto=&port=&key=&refno=&sort=&page=11&ken=&rse=&cnt=&psort=price14&sno=&pdfrom=&pdto=&other=#listtop
11,https://autocj.co.jp/used_cars?category=&maker=&model=&fuel=&shift=&mileagefrom=&mileageto=&from=&to=&drive=&pfrom=&pto=&ccfrom=&ccto=&port=&key=&refno=&sort=&page=12&ken=&rse=&cnt=&psort=price14&sno=&pdfrom=&pdto=&other=#listtop
12,https://autocj.co.jp/used_cars?category=&maker=&model=&fuel=&shift=&mileagefrom=&mileageto=&from=&to=&drive=&pfrom=&pto=&ccfrom=&ccto=&port=&key=&refno=&sort=&page=13&ken=&rse=&cnt=&psort=price14&sno=&pdfrom=&pdto=&other=#listtop
13,https://autocj.co.jp/used_cars?category=&maker=&model=&fuel=&shift=&mileagefrom=&mileageto=&from=&to=&drive=&pfrom=&pto=&ccfrom=&ccto=&port=&key=&refno=&sort=&page=14&ken=&rse=&cnt=&psort=price14&sno=&pdfrom=&pdto=&other=#listtop
14,https://autocj.co.jp/used_cars?category=&maker=&model=&fuel=&shift=&mileagefrom=&mileageto=&from=&to=&drive=&pfrom=&pto=&ccfrom=&ccto=&port=&key=&refno=&sort=&page=15&ken=&rse=&cnt=&psort=price14&sno=&pdfrom=&pdto=&other=#listtop
15,https://autocj.co.jp/used_cars?category=&maker=&model=&fuel=&shift=&mileagefrom=&mileageto=&from=&to=&drive=&pfrom=&pto=&ccfrom=&ccto=&port=&key=&refno=&sort=&page=16&ken=&rse=&cnt=&psort=price14&sno=&pdfrom=&pdto=&other=#listtop
16,https://autocj.co.jp/used_cars?category=&maker=&model=&fuel=&shift=&mileagefrom=&mileageto=&from=&to=&drive=&pfrom=&pto=&ccfrom=&ccto=&port=&key=&refno=&sort=&page=17&ken=&rse=&cnt=&psort=price14&sno=&pdfrom=&pdto=&other=#listtop
17,https://autocj.co.jp/used_cars?category=&maker=&model=&fuel=&shift=&mileagefrom=&mileageto=&from=&to=&drive=&pfrom=&pto=&ccfrom=&ccto=&port=&key=&refno=&sort=&page=18&ken=&rse=&cnt=&psort=price14&sno=&pdfrom=&pdto=&other=#listtop
18,https://autocj.co.jp/used_cars?category=&maker=&model=&fuel=&shift=&mileagefrom=&mileageto=&from=&to=&drive=&pfrom=&pto=&ccfrom=&ccto=&port=&key=&refno=&sort=&page=19&ken=&rse=&cnt=&psort=price14&sno=&pdfrom=&pdto=&other=#listtop
19,https://autocj.co.jp/used_cars?category=&maker=&model=&fuel=&shift=&mileagefrom=&mileageto=&from=&to=&drive=&pfrom=&pto=&ccfrom=&ccto=&port=&key=&refno=&sort=&page=20&ken=&rse=&cnt=&psort=price14&sno=&pdfrom=&pdto=&other=#listtop
20,https://autocj.co.jp/used_cars?category=&maker=&model=&fuel=&shift=&mileagefrom=&mileageto=&from=&to=&drive=&pfrom=&pto=&ccfrom=&ccto=&port=&key=&refno=&sort=&page=21&ken=&rse=&cnt=&psort=price14&sno=&pdfrom=&pdto=&other=#listtop
21,https://autocj.co.jp/used_cars?category=&maker=&model=&fuel=&shift=&mileagefrom=&mileageto=&from=&to=&drive=&pfrom=&pto=&ccfrom=&ccto=&port=&key=&refno=&sort=&page=22&ken=&rse=&cnt=&psort=price14&sno=&pdfrom=&pdto=&other=#listtop
22,https://autocj.co.jp/used_cars?category=&maker=&model=&fuel=&shift=&mileagefrom=&mileageto=&from=&to=&drive=&pfrom=&pto=&ccfrom=&ccto=&port=&key=&refno=&sort=&page=23&ken=&rse=&cnt=&psort=price14&sno=&pdfrom=&pdto=&other=#listtop
23,https://autocj.co.jp/used_cars?category=&maker=&model=&fuel=&shift=&mileagefrom=&mileageto=&from=&to=&drive=&pfrom=&pto=&ccfrom=&ccto=&port=&key=&refno=&sort=&page=24&ken=&rse=&cnt=&psort=price14&sno=&pdfrom=&pdto=&other=#listtop
24,https://autocj.co.jp/used_cars?category=&maker=&model=&fuel=&shift=&mileagefrom=&mileageto=&from=&to=&drive=&pfrom=&pto=&ccfrom=&ccto=&port=&key=&refno=&sort=&page=25&ken=&rse=&cnt=&psort=price14&sno=&pdfrom=&pdto=&other=#listtop
25,https://autocj.co.jp/used_cars?category=&maker=&model=&fuel=&shift=&mileagefrom=&mileageto=&from=&to=&drive=&pfrom=&pto=&ccfrom=&ccto=&port=&key=&refno=&sort=&page=26&ken=&rse=&cnt=&psort=price14&sno=&pdfrom=&pdto=&other=#listtop
26,https://autocj.co.jp/used_cars?category=&maker=&model=&fuel=&shift=&mileagefrom=&mileageto=&from=&to=&drive=&pfrom=&pto=&ccfrom=&ccto=&port=&key=&refno=&sort=&page=27&ken=&rse=&cnt=&psort=price14&sno=&pdfrom=&pdto=&other=#listtop
27,https://autocj.co.jp/used_cars?category=&maker=&model=&fuel=&shift=&mileagefrom=&mileageto=&from=&to=&drive=&pfrom=&pto=&ccfrom=&ccto=&port=&key=&refno=&sort=&page=28&ken=&rse=&cnt=&psort=price14&sno=&pdfrom=&pdto=&other=#listtop
28,https://autocj.co.jp/used_cars?category=&maker=&model=&fuel=&shift=&mileagefrom=&mileageto=&from=&to=&drive=&pfrom=&pto=&ccfrom=&ccto=&port=&key=&refno=&sort=&page=29&ken=&rse=&cnt=&psort=price14&sno=&pdfrom=&pdto=&other=#listtop
29,https://autocj.co.jp/used_cars?category=&maker=&model=&fuel=&shift=&mileagefrom=&mileageto=&from=&to=&drive=&pfrom=&pto=&ccfrom=&ccto=&port=&key=&refno=&sort=&page=30&ken=&rse=&cnt=&psort=price14&sno=&pdfrom=&pdto=&other=#listtop
30,https://autocj.co.jp/used_cars?category=&maker=&model=&fuel=&shift=&mileagefrom=&mileageto=&from=&to=&drive=&pfrom=&pto=&ccfrom=&ccto=&port=&key=&refno=&sort=&page=31&ken=&rse=&cnt=&psort=price14&sno=&pdfrom=&pdto=&other=#listtop
31,https://autocj.co.jp/used_cars?category=&maker=&model=&fuel=&shift=&mileagefrom=&mileageto=&from=&to=&drive=&pfrom=&pto=&ccfrom=&ccto=&port=&key=&refno=&sort=&page=32&ken=&rse=&cnt=&psort=price14&sno=&pdfrom=&pdto=&other=#listtop
32,https://autocj.co.jp/used_cars?category=&maker=&model=&fuel=&shift=&mileagefrom=&mileageto=&from=&to=&drive=&pfrom=&pto=&ccfrom=&ccto=&port=&key=&refno=&sort=&page=33&ken=&rse=&cnt=&psort=price14&sno=&pdfrom=&pdto=&other=#listtop
33,https://autocj.co.jp/used_cars?category=&maker=&model=&fuel=&shift=&mileagefrom=&mileageto=&from=&to=&drive=&pfrom=&pto=&ccfrom=&ccto=&port=&key=&refno=&sort=&page=34&ken=&rse=&cnt=&psort=price14&sno=&pdfrom=&pdto=&other=#listtop
34,https://autocj.co.jp/used_cars?category=&maker=&model=&fuel=&shift=&mileagefrom=&mileageto=&from=&to=&drive=&pfrom=&pto=&ccfrom=&ccto=&port=&key=&refno=&sort=&page=35&ken=&rse=&cnt=&psort=price14&sno=&pdfrom=&pdto=&other=#listtop
35,https://autocj.co.jp/used_cars?category=&maker=&model=&fuel=&shift=&mileagefrom=&mileageto=&from=&to=&drive=&pfrom=&pto=&ccfrom=&ccto=&port=&key=&refno=&sort=&page=36&ken=&rse=&cnt=&psort=price14&sno=&pdfrom=&pdto=&other=#listtop
36,https://autocj.co.jp/used_cars?category=&maker=&model=&fuel=&shift=&mileagefrom=&mileageto=&from=&to=&drive=&pfrom=&pto=&ccfrom=&ccto=&port=&key=&refno=&sort=&page=37&ken=&rse=&cnt=&psort=price14&sno=&pdfrom=&pdto=&other=#listtop
37,https://autocj.co.jp/used_cars?category=&maker=&model=&fuel=&shift=&mileagefrom=&mileageto=&from=&to=&drive=&pfrom=&pto=&ccfrom=&ccto=&port=&key=&refno=&sort=&page=38&ken=&rse=&cnt=&psort=price14&sno=&pdfrom=&pdto=&other=#listtop
38,https://autocj.co.jp/used_cars?category=&maker=&model=&fuel=&shift=&mileagefrom=&mileageto=&from=&to=&drive=&pfrom=&pto=&ccfrom=&ccto=&port=&key=&refno=&sort=&page=39&ken=&rse=&cnt=&psort=price14&sno=&pdfrom=&pdto=&other=#listtop
39,https://autocj.co.jp/used_cars?category=&maker=&model=&fuel=&shift=&mileagefrom=&mileageto=&from=&to=&drive=&pfrom=&pto=&ccfrom=&ccto=&port=&key=&refno=&sort=&page=40&ken=&rse=&cnt=&psort=price14&sno=&pdfrom=&pdto=&other=#listtop
40,https://autocj.co.jp/used_cars?category=&maker=&model=&fuel=&shift=&mileagefrom=&mileageto=&from=&to=&drive=&pfrom=&pto=&ccfrom=&ccto=&port=&key=&refno=&sort=&page=41&ken=&rse=&cnt=&psort=price14&sno=&pdfrom=&pdto=&other=#listtop
41,https://autocj.co.jp/used_cars?category=&maker=&model=&fuel=&shift=&mileagefrom=&mileageto=&from=&to=&drive=&pfrom=&pto=&ccfrom=&ccto=&port=&key=&refno=&sort=&page=42&ken=&rse=&cnt=&psort=price14&sno=&pdfrom=&pdto=&other=#listtop
42,https://autocj.co.jp/used_cars?category=&maker=&model=&fuel=&shift=&mileagefrom=&mileageto=&from=&to=&drive=&pfrom=&pto=&ccfrom=&ccto=&port=&key=&refno=&sort=&page=43&ken=&rse=&cnt=&psort=price14&sno=&pdfrom=&pdto=&other=#listtop
43,https://autocj.co.jp/used_cars?category=&maker=&model=&fuel=&shift=&mileagefrom=&mileageto=&from=&to=&drive=&pfrom=&pto=&ccfrom=&ccto=&port=&key=&refno=&sort=&page=44&ken=&rse=&cnt=&psort=price14&sno=&pdfrom=&pdto=&other=#listtop
44,https://autocj.co.jp/used_cars?category=&maker=&model=&fuel=&shift=&mileagefrom=&mileageto=&from=&to=&drive=&pfrom=&pto=&ccfrom=&ccto=&port=&key=&refno=&sort=&page=45&ken=&rse=&cnt=&psort=price14&sno=&pdfrom=&pdto=&other=#listtop
45,https://autocj.co.jp/used_cars?category=&maker=&model=&fuel=&shift=&mileagefrom=&mileageto=&from=&to=&drive=&pfrom=&pto=&ccfrom=&ccto=&port=&key=&refno=&sort=&page=46&ken=&rse=&cnt=&psort=price14&sno=&pdfrom=&pdto=&other=#listtop
46,https://autocj.co.jp/used_cars?category=&maker=&model=&fuel=&shift=&mileagefrom=&mileageto=&from=&to=&drive=&pfrom=&pto=&ccfrom=&ccto=&port=&key=&refno=&sort=&page=47&ken=&rse=&cnt=&psort=price14&sno=&pdfrom=&pdto=&other=#listtop
47,https://autocj.co.jp/used_cars?category=&maker=&model=&fuel=&shift=&mileagefrom=&mileageto=&from=&to=&drive=&pfrom=&pto=&ccfrom=&ccto=&port=&key=&refno=&sort=&page=48&ken=&rse=&cnt=&psort=price14&sno=&pdfrom=&pdto=&other=#listtop
48,https://autocj.co.jp/used_cars?category=&maker=&model=&fuel=&shift=&mileagefrom=&mileageto=&from=&to=&drive=&pfrom=&pto=&ccfrom=&ccto=&port=&key=&refno=&sort=&page=49&ken=&rse=&cnt=&psort=price14&sno=&pdfrom=&pdto=&other=#listtop
49,https://autocj.co.jp/used_cars?category=&maker=&model=&fuel=&shift=&mileagefrom=&mileageto=&from=&to=&drive=&pfrom=&pto=&ccfrom=&ccto=&port=&key=&refno=&sort=&page=50&ken=&rse=&cnt=&psort=price14&sno=&pdfrom=&pdto=&other=#listtop
50,https://autocj.co.jp/used_cars?category=&maker=&model=&fuel=&shift=&mileagefrom=&mileageto=&from=&to=&drive=&pfrom=&pto=&ccfrom=&ccto=&port=&key=&refno=&sort=&page=51&ken=&rse=&cnt=&psort=price14&sno=&pdfrom=&pdto=&other=#listtop
51,https://autocj.co.jp/used_cars?category=&maker=&model=&fuel=&shift=&mileagefrom=&mileageto=&from=&to=&drive=&pfrom=&pto=&ccfrom=&ccto=&port=&key=&refno=&sort=&page=52&ken=&rse=&cnt=&psort=price14&sno=&pdfrom=&pdto=&other=#listtop
52,https://autocj.co.jp/used_cars?category=&maker=&model=&fuel=&shift=&mileagefrom=&mileageto=&from=&to=&drive=&pfrom=&pto=&ccfrom=&ccto=&port=&key=&refno=&sort=&page=53&ken=&rse=&cnt=&psort=price14&sno=&pdfrom=&pdto=&other=#listtop
53,https://autocj.co.jp/used_cars?category=&maker=&model=&fuel=&shift=&mileagefrom=&mileageto=&from=&to=&drive=&pfrom=&pto=&ccfrom=&ccto=&port=&key=&refno=&sort=&page=54&ken=&rse=&cnt=&psort=price14&sno=&pdfrom=&pdto=&other=#listtop
54,https://autocj.co.jp/used_cars?category=&maker=&model=&fuel=&shift=&mileagefrom=&mileageto=&from=&to=&drive=&pfrom=&pto=&ccfrom=&ccto=&port=&key=&refno=&sort=&page=55&ken=&rse=&cnt=&psort=price14&sno=&pdfrom=&pdto=&other=#listtop
55,https://autocj.co.jp/used_cars?category=&maker=&model=&fuel=&shift=&mileagefrom=&mileageto=&from=&to=&drive=&pfrom=&pto=&ccfrom=&ccto=&port=&key=&refno=&sort=&page=56&ken=&rse=&cnt=&psort=price14&sno=&pdfrom=&pdto=&other=#listtop
56,https://autocj.co.jp/used_cars?category=&maker=&model=&fuel=&shift=&mileagefrom=&mileageto=&from=&to=&drive=&pfrom=&pto=&ccfrom=&ccto=&port=&key=&refno=&sort=&page=57&ken=&rse=&cnt=&psort=price14&sno=&pdfrom=&pdto=&other=#listtop
57,https://autocj.co.jp/used_cars?category=&maker=&model=&fuel=&shift=&mileagefrom=&mileageto=&from=&to=&drive=&pfrom=&pto=&ccfrom=&ccto=&port=&key=&refno=&sort=&page=58&ken=&rse=&cnt=&psort=price14&sno=&pdfrom=&pdto=&other=#listtop
58,https://autocj.co.jp/used_cars?category=&maker=&model=&fuel=&shift=&mileagefrom=&mileageto=&from=&to=&drive=&pfrom=&pto=&ccfrom=&ccto=&port=&key=&refno=&sort=&page=59&ken=&rse=&cnt=&psort=price14&sno=&pdfrom=&pdto=&other=#listtop
59,https://autocj.co.jp/used_cars?category=&maker=&model=&fuel=&shift=&mileagefrom=&mileageto=&from=&to=&drive=&pfrom=&pto=&ccfrom=&ccto=&port=&key=&refno=&sort=&page=60&ken=&rse=&cnt=&psort=price14&sno=&pdfrom=&pdto=&other=#listtop
60,https://autocj.co.jp/used_cars?category=&maker=&model=&fuel=&shift=&mileagefrom=&mileageto=&from=&to=&drive=&pfrom=&pto=&ccfrom=&ccto=&port=&key=&refno=&sort=&page=61&ken=&rse=&cnt=&psort=price14&sno=&pdfrom=&pdto=&other=#listtop
61,https://autocj.co.jp/used_cars?category=&maker=&model=&fuel=&shift=&mileagefrom=&mileageto=&from=&to=&drive=&pfrom=&pto=&ccfrom=&ccto=&port=&key=&refno=&sort=&page=62&ken=&rse=&cnt=&psort=price14&sno=&pdfrom=&pdto=&other=#listtop
62,https://autocj.co.jp/used_cars?category=&maker=&model=&fuel=&shift=&mileagefrom=&mileageto=&from=&to=&drive=&pfrom=&pto=&ccfrom=&ccto=&port=&key=&refno=&sort=&page=63&ken=&rse=&cnt=&psort=price14&sno=&pdfrom=&pdto=&other=#listtop
63,https://autocj.co.jp/used_cars?category=&maker=&model=&fuel=&shift=&mileagefrom=&mileageto=&from=&to=&drive=&pfrom=&pto=&ccfrom=&ccto=&port=&key=&refno=&sort=&page=64&ken=&rse=&cnt=&psort=price14&sno=&pdfrom=&pdto=&other=#listtop
64,https://autocj.co.jp/used_cars?category=&maker=&model=&fuel=&shift=&mileagefrom=&mileageto=&from=&to=&drive=&pfrom=&pto=&ccfrom=&ccto=&port=&key=&refno=&sort=&page=65&ken=&rse=&cnt=&psort=price14&sno=&pdfrom=&pdto=&other=#listtop
65,https://autocj.co.jp/used_cars?category=&maker=&model=&fuel=&shift=&mileagefrom=&mileageto=&from=&to=&drive=&pfrom=&pto=&ccfrom=&ccto=&port=&key=&refno=&sort=&page=66&ken=&rse=&cnt=&psort=price14&sno=&pdfrom=&pdto=&other=#listtop
66,https://autocj.co.jp/used_cars?category=&maker=&model=&fuel=&shift=&mileagefrom=&mileageto=&from=&to=&drive=&pfrom=&pto=&ccfrom=&ccto=&port=&key=&refno=&sort=&page=67&ken=&rse=&cnt=&psort=price14&sno=&pdfrom=&pdto=&other=#listtop
67,https://autocj.co.jp/used_cars?category=&maker=&model=&fuel=&shift=&mileagefrom=&mileageto=&from=&to=&drive=&pfrom=&pto=&ccfrom=&ccto=&port=&key=&refno=&sort=&page=68&ken=&rse=&cnt=&psort=price14&sno=&pdfrom=&pdto=&other=#listtop
68,https://autocj.co.jp/used_cars?category=&maker=&model=&fuel=&shift=&mileagefrom=&mileageto=&from=&to=&drive=&pfrom=&pto=&ccfrom=&ccto=&port=&key=&refno=&sort=&page=69&ken=&rse=&cnt=&psort=price14&sno=&pdfrom=&pdto=&other=#listtop
69,https://autocj.co.jp/used_cars?category=&maker=&model=&fuel=&shift=&mileagefrom=&mileageto=&from=&to=&drive=&pfrom=&pto=&ccfrom=&ccto=&port=&key=&refno=&sort=&page=70&ken=&rse=&cnt=&psort=price14&sno=&pdfrom=&pdto=&other=#listtop
70,https://autocj.co.jp/used_cars?category=&maker=&model=&fuel=&shift=&mileagefrom=&mileageto=&from=&to=&drive=&pfrom=&pto=&ccfrom=&ccto=&port=&key=&refno=&sort=&page=71&ken=&rse=&cnt=&psort=price14&sno=&pdfrom=&pdto=&other=#listtop
71,https://autocj.co.jp/used_cars?category=&maker=&model=&fuel=&shift=&mileagefrom=&mileageto=&from=&to=&drive=&pfrom=&pto=&ccfrom=&ccto=&port=&key=&refno=&sort=&page=72&ken=&rse=&cnt=&psort=price14&sno=&pdfrom=&pdto=&other=#listtop
72,https://autocj.co.jp/used_cars?category=&maker=&model=&fuel=&shift=&mileagefrom=&mileageto=&from=&to=&drive=&pfrom=&pto=&ccfrom=&ccto=&port=&key=&refno=&sort=&page=73&ken=&rse=&cnt=&psort=price14&sno=&pdfrom=&pdto=&other=#listtop
73,https://autocj.co.jp/used_cars?category=&maker=&model=&fuel=&shift=&mileagefrom=&mileageto=&from=&to=&drive=&pfrom=&pto=&ccfrom=&ccto=&port=&key=&refno=&sort=&page=74&ken=&rse=&cnt=&psort=price14&sno=&pdfrom=&pdto=&other=#listtop
74,https://autocj.co.jp/used_cars?category=&maker=&model=&fuel=&shift=&mileagefrom=&mileageto=&from=&to=&drive=&pfrom=&pto=&ccfrom=&ccto=&port=&key=&refno=&sort=&page=75&ken=&rse=&cnt=&psort=price14&sno=&pdfrom=&pdto=&other=#listtop
75,https://autocj.co.jp/used_cars?category=&maker=&model=&fuel=&shift=&mileagefrom=&mileageto=&from=&to=&drive=&pfrom=&pto=&ccfrom=&ccto=&port=&key=&refno=&sort=&page=76&ken=&rse=&cnt=&psort=price14&sno=&pdfrom=&pdto=&other=#listtop
76,https://autocj.co.jp/used_cars?category=&maker=&model=&fuel=&shift=&mileagefrom=&mileageto=&from=&to=&drive=&pfrom=&pto=&ccfrom=&ccto=&port=&key=&refno=&sort=&page=77&ken=&rse=&cnt=&psort=price14&sno=&pdfrom=&pdto=&other=#listtop
77,https://autocj.co.jp/used_cars?category=&maker=&model=&fuel=&shift=&mileagefrom=&mileageto=&from=&to=&drive=&pfrom=&pto=&ccfrom=&ccto=&port=&key=&refno=&sort=&page=78&ken=&rse=&cnt=&psort=price14&sno=&pdfrom=&pdto=&other=#listtop
78,https://autocj.co.jp/used_cars?category=&maker=&model=&fuel=&shift=&mileagefrom=&mileageto=&from=&to=&drive=&pfrom=&pto=&ccfrom=&ccto=&port=&key=&refno=&sort=&page=79&ken=&rse=&cnt=&psort=price14&sno=&pdfrom=&pdto=&other=#listtop
79,https://autocj.co.jp/used_cars?category=&maker=&model=&fuel=&shift=&mileagefrom=&mileageto=&from=&to=&drive=&pfrom=&pto=&ccfrom=&ccto=&port=&key=&refno=&sort=&page=80&ken=&rse=&cnt=&psort=price14&sno=&pdfrom=&pdto=&other=#listtop
80,https://autocj.co.jp/used_cars?category=&maker=&model=&fuel=&shift=&mileagefrom=&mileageto=&from=&to=&drive=&pfrom=&pto=&ccfrom=&ccto=&port=&key=&refno=&sort=&page=81&ken=&rse=&cnt=&psort=price14&sno=&pdfrom=&pdto=&other=#listtop
81,https://autocj.co.jp/used_cars?category=&maker=&model=&fuel=&shift=&mileagefrom=&mileageto=&from=&to=&drive=&pfrom=&pto=&ccfrom=&ccto=&port=&key=&refno=&sort=&page=82&ken=&rse=&cnt=&psort=price14&sno=&pdfrom=&pdto=&other=#listtop
82,https://autocj.co.jp/used_cars?category=&maker=&model=&fuel=&shift=&mileagefrom=&mileageto=&from=&to=&drive=&pfrom=&pto=&ccfrom=&ccto=&port=&key=&refno=&sort=&page=83&ken=&rse=&cnt=&psort=price14&sno=&pdfrom=&pdto=&other=#listtop
83,https://autocj.co.jp/used_cars?category=&maker=&model=&fuel=&shift=&mileagefrom=&mileageto=&from=&to=&drive=&pfrom=&pto=&ccfrom=&ccto=&port=&key=&refno=&sort=&page=84&ken=&rse=&cnt=&psort=price14&sno=&pdfrom=&pdto=&other=#listtop
84,https://autocj.co.jp/used_cars?category=&maker=&model=&fuel=&shift=&mileagefrom=&mileageto=&from=&to=&drive=&pfrom=&pto=&ccfrom=&ccto=&port=&key=&refno=&sort=&page=85&ken=&rse=&cnt=&psort=price14&sno=&pdfrom=&pdto=&other=#listtop
85,https://autocj.co.jp/used_cars?category=&maker=&model=&fuel=&shift=&mileagefrom=&mileageto=&from=&to=&drive=&pfrom=&pto=&ccfrom=&ccto=&port=&key=&refno=&sort=&page=86&ken=&rse=&cnt=&psort=price14&sno=&pdfrom=&pdto=&other=#listtop
86,https://autocj.co.jp/used_cars?category=&maker=&model=&fuel=&shift=&mileagefrom=&mileageto=&from=&to=&drive=&pfrom=&pto=&ccfrom=&ccto=&port=&key=&refno=&sort=&page=87&ken=&rse=&cnt=&psort=price14&sno=&pdfrom=&pdto=&other=#listtop
87,https://autocj.co.jp/used_cars?category=&maker=&model=&fuel=&shift=&mileagefrom=&mileageto=&from=&to=&drive=&pfrom=&pto=&ccfrom=&ccto=&port=&key=&refno=&sort=&page=88&ken=&rse=&cnt=&psort=price14&sno=&pdfrom=&pdto=&other=#listtop
88,https://autocj.co.jp/used_cars?category=&maker=&model=&fuel=&shift=&mileagefrom=&mileageto=&from=&to=&drive=&pfrom=&pto=&ccfrom=&ccto=&port=&key=&refno=&sort=&page=89&ken=&rse=&cnt=&psort=price14&sno=&pdfrom=&pdto=&other=#listtop
89,https://autocj.co.jp/used_cars?category=&maker=&model=&fuel=&shift=&mileagefrom=&mileageto=&from=&to=&drive=&pfrom=&pto=&ccfrom=&ccto=&port=&key=&refno=&sort=&page=90&ken=&rse=&cnt=&psort=price14&sno=&pdfrom=&pdto=&other=#listtop
90,https://autocj.co.jp/used_cars?category=&maker=&model=&fuel=&shift=&mileagefrom=&mileageto=&from=&to=&drive=&pfrom=&pto=&ccfrom=&ccto=&port=&key=&refno=&sort=&page=91&ken=&rse=&cnt=&psort=price14&sno=&pdfrom=&pdto=&other=#listtop
91,https://autocj.co.jp/used_cars?category=&maker=&model=&fuel=&shift=&mileagefrom=&mileageto=&from=&to=&drive=&pfrom=&pto=&ccfrom=&ccto=&port=&key=&refno=&sort=&page=92&ken=&rse=&cnt=&psort=price14&sno=&pdfrom=&pdto=&other=#listtop
92,https://autocj.co.jp/used_cars?category=&maker=&model=&fuel=&shift=&mileagefrom=&mileageto=&from=&to=&drive=&pfrom=&pto=&ccfrom=&ccto=&port=&key=&refno=&sort=&page=93&ken=&rse=&cnt=&psort=price14&sno=&pdfrom=&pdto=&other=#listtop
93,https://autocj.co.jp/used_cars?category=&maker=&model=&fuel=&shift=&mileagefrom=&mileageto=&from=&to=&drive=&pfrom=&pto=&ccfrom=&ccto=&port=&key=&refno=&sort=&page=94&ken=&rse=&cnt=&psort=price14&sno=&pdfrom=&pdto=&other=#listtop
94,https://autocj.co.jp/used_cars?category=&maker=&model=&fuel=&shift=&mileagefrom=&mileageto=&from=&to=&drive=&pfrom=&pto=&ccfrom=&ccto=&port=&key=&refno=&sort=&page=95&ken=&rse=&cnt=&psort=price14&sno=&pdfrom=&pdto=&other=#listtop
95,https://autocj.co.jp/used_cars?category=&maker=&model=&fuel=&shift=&mileagefrom=&mileageto=&from=&to=&drive=&pfrom=&pto=&ccfrom=&ccto=&port=&key=&refno=&sort=&page=96&ken=&rse=&cnt=&psort=price14&sno=&pdfrom=&pdto=&other=#listtop
96,https://autocj.co.jp/used_cars?category=&maker=&model=&fuel=&shift=&mileagefrom=&mileageto=&from=&to=&drive=&pfrom=&pto=&ccfrom=&ccto=&port=&key=&refno=&sort=&page=97&ken=&rse=&cnt=&psort=price14&sno=&pdfrom=&pdto=&other=#listtop
97,https://autocj.co.jp/used_cars?category=&maker=&model=&fuel=&shift=&mileagefrom=&mileageto=&from=&to=&drive=&pfrom=&pto=&ccfrom=&ccto=&port=&key=&refno=&sort=&page=98&ken=&rse=&cnt=&psort=price14&sno=&pdfrom=&pdto=&other=#listtop
98,https://autocj.co.jp/used_cars?category=&maker=&model=&fuel=&shift=&mileagefrom=&mileageto=&from=&to=&drive=&pfrom=&pto=&ccfrom=&ccto=&port=&key=&refno=&sort=&page=99&ken=&rse=&cnt=&psort=price14&sno=&pdfrom=&pdto=&other=#listtop
